symbole;date;ouverture;haut;bas;cloture;volume
TAIR;02/01/2017;0,6;0,6;0,59;0,6;4651
TAIR;03/01/2017;0,6;0,6;0,59;0,6;1159
TAIR;04/01/2017;0,6;0,6;0,59;0,6;19524
TAIR;05/01/2017;0,6;0,6;0,59;0,6;2205
TAIR;06/01/2017;0,59;0,6;0,59;0,6;42941
TAIR;09/01/2017;0,59;0,6;0,59;0,6;7313
TAIR;10/01/2017;0,6;0,6;0,59;0,6;34185
TAIR;11/01/2017;0,58;0,6;0,58;0,58;37960
TAIR;12/01/2017;0,58;0,59;0,57;0,59;31085
TAIR;13/01/2017;0,58;0,59;0,58;0,59;15664
TAIR;16/01/2017;0,58;0,59;0,58;0,58;28342
TAIR;17/01/2017;0,58;0,59;0,57;0,59;50290
TAIR;18/01/2017;0,58;0,58;0,58;0,58;29715
TAIR;19/01/2017;0,58;0,58;0,57;0,57;83082
TAIR;20/01/2017;0,58;0,58;0,57;0,57;40978
TAIR;23/01/2017;0,57;0,58;0,56;0,57;46453
TAIR;24/01/2017;0,58;0,58;0,56;0,57;53061
TAIR;25/01/2017;0,57;0,57;0,56;0,56;16240
TAIR;26/01/2017;0,57;0,57;0,56;0,57;20540
TAIR;27/01/2017;0,57;0,57;0,56;0,56;17840
TAIR;30/01/2017;0,57;0,57;0,56;0,57;10204
TAIR;31/01/2017;0,57;0,57;0,56;0,57;3284
TAIR;01/02/2017;0,57;0,57;0,56;0,57;7200
TAIR;02/02/2017;0,57;0,57;0,56;0,56;6121
TAIR;03/02/2017;0,57;0,57;0,56;0,56;12168
TAIR;06/02/2017;0,56;0,56;0,55;0,56;24412
TAIR;07/02/2017;0,56;0,56;0,55;0,56;5667
TAIR;08/02/2017;0,56;0,56;0,55;0,56;3321
TAIR;09/02/2017;0,57;0,57;0,55;0,56;3562
TAIR;10/02/2017;0,56;0,56;0,55;0,56;37943
TAIR;13/02/2017;0,55;0,56;0,55;0,56;15026
TAIR;14/02/2017;0,55;0,55;0,55;0,55;6582
TAIR;15/02/2017;0,56;0,56;0,55;0,56;4395
TAIR;16/02/2017;0,55;0,56;0,55;0,56;5601
TAIR;17/02/2017;0,56;0,56;0,55;0,55;26318
TAIR;20/02/2017;0,56;0,56;0,55;0,55;10159
TAIR;21/02/2017;0,55;0,55;0,54;0,55;44818
TAIR;22/02/2017;0,55;0,55;0,54;0,54;29395
TAIR;23/02/2017;0,54;0,54;0,53;0,54;65412
TAIR;24/02/2017;0,53;0,54;0,53;0,53;2032
TAIR;27/02/2017;0,54;0,54;0,53;0,54;37589
TAIR;28/02/2017;0,53;0,54;0,53;0,54;17731
TAIR;01/03/2017;0,54;0,55;0,54;0,55;48463
TAIR;02/03/2017;0,56;0,57;0,56;0,57;42664
TAIR;03/03/2017;0,57;0,57;0,56;0,57;20486
TAIR;06/03/2017;0,57;0,58;0,56;0,57;36544
TAIR;07/03/2017;0,56;0,57;0,55;0,57;25306
TAIR;08/03/2017;0,57;0,57;0,56;0,57;1115
TAIR;09/03/2017;0,57;0,57;0,55;0,56;64963
TAIR;10/03/2017;0,54;0,55;0,54;0,55;49577
TAIR;13/03/2017;0,54;0,56;0,54;0,54;43103
TAIR;14/03/2017;0,56;0,56;0,53;0,55;94417
TAIR;15/03/2017;0,53;0,55;0,53;0,55;66094
TAIR;16/03/2017;0,55;0,56;0,54;0,55;25050
TAIR;17/03/2017;0,56;0,57;0,55;0,57;22226
TAIR;21/03/2017;0,57;0,57;0,56;0,57;39417
TAIR;22/03/2017;0,57;0,57;0,56;0,57;7421
TAIR;23/03/2017;0,56;0,56;0,56;0,56;1284
TAIR;24/03/2017;0,57;0,57;0,55;0,56;2818
TAIR;27/03/2017;0,55;0,56;0,55;0,56;5574
TAIR;28/03/2017;0,56;0,57;0,56;0,57;21241
TAIR;03/04/2017;0,56;0,57;0,55;0,57;88008
TAIR;04/04/2017;0,58;0,6;0,57;0,59;284469
TAIR;05/04/2017;0,59;0,59;0,58;0,58;12094
TAIR;06/04/2017;0,58;0,58;0,57;0,57;15158
TAIR;07/04/2017;0,57;0,57;0,56;0,56;12916
TAIR;10/04/2017;0,56;0,57;0,56;0,57;421
TAIR;11/04/2017;0,57;0,57;0,56;0,57;505
TAIR;12/04/2017;0,57;0,57;0,56;0,57;11146
TAIR;13/04/2017;0,56;0,57;0,56;0,57;10601
TAIR;14/04/2017;0,56;0,56;0,56;0,56;6705
TAIR;17/04/2017;0,56;0,57;0,56;0,56;12550
TAIR;18/04/2017;0,56;0,56;0,56;0,56;15500
TAIR;19/04/2017;0,56;0,57;0,56;0,56;13690
TAIR;20/04/2017;0,57;0,57;0,55;0,56;30312
TAIR;21/04/2017;0,56;0,56;0,56;0,56;2602
TAIR;24/04/2017;0,56;0,56;0,55;0,55;16575
TAIR;25/04/2017;0,56;0,56;0,55;0,55;10361
TAIR;26/04/2017;0,56;0,56;0,55;0,55;3993
TAIR;27/04/2017;0,55;0,55;0,54;0,54;37523
TAIR;28/04/2017;0,54;0,55;0,53;0,54;87615
TAIR;02/05/2017;0,54;0,54;0,54;0,54;12176
TAIR;03/05/2017;0,55;0,55;0,54;0,55;16990
TAIR;04/05/2017;0,56;0,56;0,54;0,54;229
TAIR;05/05/2017;0,56;0,56;0,55;0,55;5375
TAIR;08/05/2017;0,56;0,56;0,55;0,55;8704
TAIR;09/05/2017;0,55;0,56;0,55;0,55;7512
TAIR;10/05/2017;0,56;0,56;0,55;0,55;10269
TAIR;11/05/2017;0,56;0,56;0,55;0,56;13262
TAIR;12/05/2017;0,56;0,56;0,55;0,56;3836
TAIR;15/05/2017;0,56;0,56;0,54;0,55;16998
TAIR;16/05/2017;0,55;0,55;0,54;0,55;5500
TAIR;17/05/2017;0,55;0,55;0,54;0,55;22065
TAIR;18/05/2017;0,54;0,55;0,54;0,54;23286
TAIR;19/05/2017;0,54;0,54;0,54;0,54;14830
TAIR;22/05/2017;0,54;0,55;0,54;0,55;19736
TAIR;23/05/2017;0,54;0,55;0,54;0,55;7159
TAIR;24/05/2017;0,55;0,55;0,54;0,54;212
TAIR;25/05/2017;0,55;0,55;0,53;0,53;113
TAIR;26/05/2017;0,54;0,55;0,54;0,55;10414
TAIR;29/05/2017;0,56;0,56;0,55;0,55;734
TAIR;30/05/2017;0,54;0,55;0,54;0,54;5202
TAIR;31/05/2017;0,53;0,55;0,53;0,55;4759
TAIR;01/06/2017;0,54;0,54;0,54;0,54;1000
TAIR;02/06/2017;0,54;0,55;0,54;0,55;2832
TAIR;05/06/2017;0,54;0,55;0,54;0,55;8500
TAIR;06/06/2017;0,55;0,56;0,55;0,55;6112
TAIR;07/06/2017;0,55;0,55;0,55;0,55;1893
TAIR;08/06/2017;0,54;0,55;0,54;0,55;1641
TAIR;09/06/2017;0,54;0,54;0,54;0,54;5078
TAIR;12/06/2017;0,53;0,54;0,53;0,54;511
TAIR;13/06/2017;0,54;0,54;0,53;0,54;19268
TAIR;14/06/2017;0,53;0,54;0,53;0,54;10180
TAIR;15/06/2017;0,54;0,54;0,53;0,54;15567
TAIR;16/06/2017;0,53;0,54;0,53;0,54;10079
TAIR;20/06/2017;0,54;0,54;0,53;0,54;17999
TAIR;21/06/2017;0,53;0,54;0,53;0,54;24058
TAIR;22/06/2017;0,53;0,54;0,53;0,54;5820
TAIR;28/06/2017;0,52;0,54;0,52;0,52;2753
TAIR;03/07/2017;0,54;0,55;0,54;0,54;3200
TAIR;04/07/2017;0,53;0,55;0,53;0,54;25351
TAIR;05/07/2017;0,54;0,55;0,54;0,54;48908
TAIR;06/07/2017;0,54;0,55;0,54;0,55;24306
TAIR;07/07/2017;0,54;0,54;0,53;0,54;4101
TAIR;10/07/2017;0,54;0,54;0,53;0,54;2270
TAIR;11/07/2017;0,54;0,55;0,53;0,55;13375
TAIR;12/07/2017;0,55;0,55;0,54;0,54;13649
TAIR;13/07/2017;0,54;0,54;0,53;0,53;19878
TAIR;17/07/2017;0,53;0,54;0,53;0,54;2033
TAIR;18/07/2017;0,54;0,55;0,54;0,55;9846
TAIR;19/07/2017;0,55;0,55;0,54;0,54;4768
TAIR;20/07/2017;0,55;0,55;0,54;0,55;26566
TAIR;21/07/2017;0,54;0,54;0,54;0,54;500
TAIR;24/07/2017;0,53;0,53;0,53;0,53;1461
TAIR;26/07/2017;0,53;0,54;0,53;0,54;1657
TAIR;27/07/2017;0,55;0,56;0,55;0,56;87489
TAIR;28/07/2017;0,55;0,56;0,55;0,56;33482
TAIR;31/07/2017;0,56;0,57;0,55;0,56;30754
TAIR;01/08/2017;0,56;0,56;0,56;0,56;1800
TAIR;02/08/2017;0,56;0,57;0,56;0,57;6894
TAIR;03/08/2017;0,57;0,57;0,57;0,57;1212
TAIR;04/08/2017;0,57;0,57;0,56;0,57;3352
TAIR;07/08/2017;0,57;0,57;0,57;0,57;390
TAIR;08/08/2017;0,57;0,57;0,56;0,57;3898
TAIR;09/08/2017;0,56;0,57;0,56;0,57;8147
TAIR;10/08/2017;0,56;0,57;0,56;0,57;9
TAIR;11/08/2017;0,56;0,57;0,56;0,57;23
TAIR;14/08/2017;0,56;0,57;0,55;0,57;16893
TAIR;15/08/2017;0,56;0,56;0,56;0,56;1891
TAIR;16/08/2017;0,55;0,56;0,55;0,56;407
TAIR;17/08/2017;0,56;0,56;0,56;0,56;1026
TAIR;18/08/2017;0,55;0,56;0,55;0,56;10448
TAIR;21/08/2017;0,54;0,56;0,53;0,55;133618
TAIR;22/08/2017;0,55;0,55;0,54;0,54;1415
TAIR;23/08/2017;0,54;0,54;0,53;0,53;824
TAIR;24/08/2017;0,54;0,54;0,53;0,54;24302
TAIR;25/08/2017;0,53;0,54;0,53;0,54;504
TAIR;28/08/2017;0,54;0,54;0,53;0,53;4821
TAIR;29/08/2017;0,53;0,54;0,53;0,54;362
TAIR;30/08/2017;0,54;0,54;0,53;0,54;6352
TAIR;31/08/2017;0,53;0,53;0,53;0,53;35622
TAIR;04/09/2017;0,53;0,54;0,53;0,54;1606
TAIR;05/09/2017;0,54;0,54;0,53;0,54;10752
TAIR;06/09/2017;0,53;0,54;0,53;0,54;14951
TAIR;07/09/2017;0,55;0,55;0,54;0,54;4058
TAIR;08/09/2017;0,54;0,54;0,53;0,54;6408
TAIR;11/09/2017;0,55;0,55;0,54;0,55;10127
TAIR;12/09/2017;0,53;0,55;0,53;0,55;3003
TAIR;14/09/2017;0,54;0,55;0,54;0,55;30100
TAIR;15/09/2017;0,56;0,56;0,55;0,55;1820
TAIR;18/09/2017;0,54;0,54;0,54;0,54;13025
TAIR;19/09/2017;0,54;0,54;0,53;0,54;983
TAIR;20/09/2017;0,53;0,54;0,53;0,54;13872
TAIR;22/09/2017;0,53;0,54;0,52;0,54;15157
TAIR;25/09/2017;0,53;0,54;0,52;0,54;10104
TAIR;26/09/2017;0,53;0,53;0,53;0,53;3881
TAIR;27/09/2017;0,53;0,53;0,52;0,53;49205
TAIR;28/09/2017;0,53;0,53;0,52;0,53;26096
TAIR;02/10/2017;0,53;0,53;0,53;0,53;100
TAIR;03/10/2017;0,52;0,53;0,52;0,52;5426
TAIR;04/10/2017;0,52;0,52;0,51;0,52;18449
TAIR;05/10/2017;0,52;0,52;0,51;0,52;35551
TAIR;06/10/2017;0,52;0,52;0,51;0,52;3002
TAIR;09/10/2017;0,51;0,51;0,51;0,51;11878
TAIR;10/10/2017;0,51;0,51;0,5;0,51;6168
TAIR;11/10/2017;0,5;0,51;0,5;0,51;38699
TAIR;12/10/2017;0,52;0,52;0,5;0,5;4981
TAIR;13/10/2017;0,51;0,52;0,51;0,52;554
TAIR;17/10/2017;0,51;0,51;0,51;0,51;250
TAIR;18/10/2017;0,5;0,5;0,49;0,49;29067
TAIR;19/10/2017;0,49;0,5;0,49;0,5;12432
TAIR;20/10/2017;0,49;0,51;0,49;0,5;8634
TAIR;23/10/2017;0,49;0,51;0,49;0,51;14803
TAIR;24/10/2017;0,5;0,52;0,5;0,51;15999
TAIR;25/10/2017;0,5;0,51;0,5;0,51;2958
TAIR;26/10/2017;0,51;0,52;0,5;0,52;46567
TAIR;27/10/2017;0,52;0,52;0,51;0,51;16952
TAIR;30/10/2017;0,51;0,51;0,5;0,51;2796
TAIR;31/10/2017;0,51;0,52;0,5;0,51;18076
TAIR;01/11/2017;0,5;0,5;0,5;0,5;6382
TAIR;02/11/2017;0,5;0,5;0,49;0,5;7389
TAIR;03/11/2017;0,49;0,5;0,49;0,5;6468
TAIR;06/11/2017;0,51;0,51;0,5;0,51;7584
TAIR;07/11/2017;0,5;0,51;0,5;0,51;7399
TAIR;08/11/2017;0,51;0,51;0,5;0,51;10096
TAIR;09/11/2017;0,51;0,51;0,5;0,51;81
TAIR;10/11/2017;0,5;0,5;0,5;0,5;9259
TAIR;13/11/2017;0,5;0,5;0,49;0,5;8916
TAIR;14/11/2017;0,5;0,51;0,5;0,51;5845
TAIR;15/11/2017;0,5;0,5;0,49;0,5;10167
TAIR;16/11/2017;0,5;0,51;0,5;0,51;7463
TAIR;17/11/2017;0,5;0,5;0,49;0,5;12825
TAIR;20/11/2017;0,5;0,5;0,49;0,5;53
TAIR;21/11/2017;0,49;0,5;0,49;0,5;9700
TAIR;22/11/2017;0,5;0,5;0,49;0,5;2853
TAIR;23/11/2017;0,5;0,5;0,49;0,5;20553
TAIR;24/11/2017;0,49;0,5;0,48;0,48;6788
TAIR;27/11/2017;0,48;0,49;0,48;0,48;13722
TAIR;28/11/2017;0,49;0,49;0,48;0,49;11502
TAIR;29/11/2017;0,48;0,48;0,47;0,47;33723
TAIR;30/11/2017;0,48;0,48;0,46;0,47;88054
TAIR;04/12/2017;0,47;0,47;0,46;0,47;25741
TAIR;05/12/2017;0,48;0,48;0,48;0,48;186
TAIR;06/12/2017;0,48;0,49;0,47;0,47;14520
TAIR;07/12/2017;0,47;0,47;0,45;0,45;68482
TAIR;08/12/2017;0,46;0,46;0,44;0,44;31334
TAIR;12/12/2017;0,46;0,46;0,45;0,45;18537
TAIR;13/12/2017;0,46;0,46;0,45;0,46;7400
TAIR;14/12/2017;0,45;0,46;0,45;0,46;9782
TAIR;15/12/2017;0,46;0,47;0,45;0,46;11637
TAIR;18/12/2017;0,47;0,47;0,45;0,45;119
TAIR;19/12/2017;0,47;0,47;0,45;0,46;24443
TAIR;20/12/2017;0,46;0,46;0,45;0,45;25605
TAIR;21/12/2017;0,45;0,46;0,45;0,45;7710
TAIR;22/12/2017;0,45;0,45;0,44;0,45;38512
TAIR;25/12/2017;0,45;0,45;0,44;0,44;15208
TAIR;26/12/2017;0,44;0,44;0,43;0,43;37643
TAIR;27/12/2017;0,43;0,44;0,42;0,44;4835
TAIR;28/12/2017;0,44;0,44;0,43;0,43;12671
TAIR;02/01/2018;0,44;0,44;0,42;0,43;8001
TAIR;03/01/2018;0,43;0,43;0,42;0,42;24678
TAIR;04/01/2018;0,42;0,43;0,41;0,43;10565
TAIR;05/01/2018;0,42;0,42;0,42;0,42;9564
TAIR;08/01/2018;0,41;0,41;0,4;0,41;96897
TAIR;09/01/2018;0,41;0,41;0,4;0,41;52444
TAIR;10/01/2018;0,41;0,42;0,4;0,41;30435
TAIR;11/01/2018;0,41;0,42;0,41;0,41;8737
TAIR;12/01/2018;0,42;0,42;0,41;0,42;2881
TAIR;15/01/2018;0,41;0,43;0,41;0,42;8425
TAIR;16/01/2018;0,42;0,42;0,41;0,41;7389
TAIR;17/01/2018;0,4;0,41;0,4;0,41;19987
TAIR;18/01/2018;0,41;0,41;0,4;0,41;20899
TAIR;19/01/2018;0,4;0,41;0,4;0,41;10530
TAIR;22/01/2018;0,4;0,41;0,4;0,41;25151
TAIR;23/01/2018;0,41;0,41;0,4;0,41;21432
TAIR;24/01/2018;0,41;0,41;0,4;0,41;7190
TAIR;25/01/2018;0,41;0,41;0,4;0,41;13366
TAIR;26/01/2018;0,4;0,41;0,4;0,4;49046
TAIR;29/01/2018;0,4;0,41;0,39;0,41;40444
TAIR;30/01/2018;0,41;0,41;0,4;0,41;18608
TAIR;31/01/2018;0,41;0,41;0,4;0,4;14550
TAIR;01/02/2018;0,4;0,4;0,39;0,4;81027
TAIR;02/02/2018;0,4;0,4;0,39;0,4;75432
TAIR;05/02/2018;0,39;0,4;0,38;0,4;55461
TAIR;06/02/2018;0,39;0,4;0,39;0,4;55492
TAIR;07/02/2018;0,4;0,4;0,39;0,39;19991
TAIR;08/02/2018;0,39;0,4;0,39;0,4;46773
TAIR;09/02/2018;0,4;0,4;0,39;0,4;14755
TAIR;12/02/2018;0,4;0,41;0,4;0,41;77217
TAIR;13/02/2018;0,41;0,43;0,41;0,43;87678
TAIR;14/02/2018;0,44;0,45;0,43;0,45;171247
TAIR;16/02/2018;0,46;0,48;0,45;0,46;378588
TAIR;19/02/2018;0,46;0,47;0,45;0,46;65997
TAIR;20/02/2018;0,46;0,46;0,44;0,44;19876
TAIR;21/02/2018;0,44;0,45;0,42;0,42;66464
TAIR;22/02/2018;0,41;0,42;0,41;0,42;42784
TAIR;23/02/2018;0,43;0,43;0,43;0,43;24585
TAIR;26/02/2018;0,43;0,44;0,43;0,44;61281
TAIR;27/02/2018;0,44;0,44;0,43;0,44;4862
TAIR;28/02/2018;0,43;0,44;0,43;0,44;19390
TAIR;01/03/2018;0,44;0,45;0,43;0,45;44800
TAIR;02/03/2018;0,45;0,46;0,44;0,45;14394
TAIR;05/03/2018;0,45;0,46;0,44;0,45;32912
TAIR;06/03/2018;0,45;0,45;0,44;0,45;10643
TAIR;07/03/2018;0,46;0,46;0,45;0,45;320
TAIR;08/03/2018;0,45;0,45;0,44;0,45;20509
TAIR;09/03/2018;0,45;0,45;0,44;0,45;25628
TAIR;12/03/2018;0,44;0,45;0,44;0,45;4565
TAIR;13/03/2018;0,45;0,45;0,44;0,45;16426
TAIR;14/03/2018;0,45;0,45;0,43;0,43;16558
TAIR;15/03/2018;0,42;0,44;0,42;0,44;451
TAIR;16/03/2018;0,43;0,43;0,43;0,43;11650
TAIR;19/03/2018;0,43;0,43;0,42;0,42;25090
TAIR;21/03/2018;0,41;0,42;0,4;0,42;96986
TAIR;22/03/2018;0,41;0,42;0,4;0,42;4639
TAIR;23/03/2018;0,42;0,43;0,41;0,42;37871
TAIR;26/03/2018;0,43;0,43;0,42;0,43;1921
TAIR;27/03/2018;0,43;0,43;0,42;0,43;19377
TAIR;28/03/2018;0,42;0,44;0,42;0,43;17784
TAIR;03/04/2018;0,43;0,43;0,42;0,43;23023
TAIR;04/04/2018;0,44;0,44;0,43;0,43;2226
TAIR;05/04/2018;0,44;0,44;0,43;0,43;5872
TAIR;06/04/2018;0,43;0,43;0,42;0,43;12914
TAIR;10/04/2018;0,42;0,45;0,42;0,45;65644
TAIR;11/04/2018;0,47;0,47;0,47;0,47;155993
TAIR;13/04/2018;0,51;0,51;0,51;0,51;253721
TAIR;17/04/2018;0,55;0,56;0,52;0,56;399870
TAIR;23/04/2018;0,64;0,64;0,6;0,6;530896
TAIR;25/04/2018;0,57;0,61;0,56;0,58;567697
TAIR;26/04/2018;0,59;0,59;0,56;0,56;110858
TAIR;27/04/2018;0,53;0,53;0,53;0,53;49841
TAIR;02/05/2018;0,49;0,53;0,47;0,53;214710
TAIR;03/05/2018;0,53;0,54;0,52;0,52;218299
TAIR;04/05/2018;0,51;0,52;0,51;0,52;36520
TAIR;07/05/2018;0,52;0,52;0,51;0,51;17715
TAIR;08/05/2018;0,5;0,51;0,49;0,5;96565
TAIR;09/05/2018;0,5;0,51;0,49;0,51;76842
TAIR;10/05/2018;0,51;0,52;0,5;0,52;48417
TAIR;11/05/2018;0,52;0,55;0,52;0,55;105701
TAIR;14/05/2018;0,56;0,57;0,56;0,57;83978
TAIR;15/05/2018;0,59;0,6;0,55;0,58;213077
TAIR;16/05/2018;0,58;0,58;0,57;0,57;42824
TAIR;17/05/2018;0,57;0,57;0,56;0,56;22521
TAIR;18/05/2018;0,56;0,56;0,55;0,56;25650
TAIR;21/05/2018;0,56;0,56;0,55;0,55;16355
TAIR;22/05/2018;0,54;0,55;0,53;0,55;75805
TAIR;23/05/2018;0,55;0,55;0,53;0,53;55985
TAIR;24/05/2018;0,54;0,54;0,53;0,54;40006
TAIR;25/05/2018;0,54;0,54;0,53;0,53;44749
TAIR;28/05/2018;0,54;0,54;0,53;0,54;22786
TAIR;29/05/2018;0,53;0,55;0,53;0,55;19363
TAIR;30/05/2018;0,55;0,57;0,54;0,55;88748
TAIR;31/05/2018;0,56;0,56;0,54;0,55;20209
TAIR;01/06/2018;0,55;0,55;0,54;0,54;16086
TAIR;04/06/2018;0,54;0,54;0,53;0,54;42510
TAIR;05/06/2018;0,54;0,54;0,53;0,54;8196
TAIR;06/06/2018;0,53;0,54;0,52;0,53;44503
TAIR;07/06/2018;0,53;0,53;0,52;0,52;64976
TAIR;08/06/2018;0,52;0,53;0,52;0,53;21069
TAIR;11/06/2018;0,53;0,53;0,52;0,53;33450
TAIR;12/06/2018;0,52;0,55;0,52;0,55;44552
TAIR;13/06/2018;0,55;0,56;0,54;0,55;37580
TAIR;14/06/2018;0,56;0,56;0,55;0,56;14097
TAIR;18/06/2018;0,56;0,56;0,55;0,56;29639
TAIR;19/06/2018;0,56;0,56;0,55;0,56;38909
TAIR;20/06/2018;0,55;0,56;0,54;0,55;26972
TAIR;21/06/2018;0,54;0,55;0,53;0,54;69149
TAIR;22/06/2018;0,55;0,55;0,54;0,54;2671
TAIR;25/06/2018;0,55;0,55;0,54;0,54;4921
TAIR;26/06/2018;0,54;0,54;0,53;0,53;21593
TAIR;27/06/2018;0,53;0,54;0,53;0,53;13515
TAIR;28/06/2018;0,53;0,54;0,52;0,53;69799
TAIR;02/07/2018;0,54;0,55;0,53;0,55;8121
TAIR;03/07/2018;0,55;0,56;0,55;0,56;47945
TAIR;04/07/2018;0,56;0,56;0,55;0,55;16443
TAIR;05/07/2018;0,55;0,56;0,54;0,54;40104
TAIR;06/07/2018;0,54;0,55;0,54;0,55;15033
TAIR;09/07/2018;0,55;0,55;0,54;0,54;7851
TAIR;10/07/2018;0,54;0,55;0,54;0,54;8449
TAIR;11/07/2018;0,54;0,55;0,53;0,53;21677
TAIR;12/07/2018;0,55;0,55;0,54;0,55;20516
TAIR;13/07/2018;0,54;0,55;0,54;0,55;15528
TAIR;16/07/2018;0,55;0,56;0,54;0,55;2237
TAIR;17/07/2018;0,55;0,55;0,54;0,54;17821
TAIR;18/07/2018;0,55;0,55;0,55;0,55;3
TAIR;19/07/2018;0,55;0,57;0,55;0,57;80050
TAIR;20/07/2018;0,56;0,58;0,56;0,58;55950
TAIR;23/07/2018;0,58;0,6;0,58;0,6;77974
TAIR;24/07/2018;0,6;0,6;0,59;0,59;26179
TAIR;26/07/2018;0,58;0,59;0,57;0,59;21637
TAIR;27/07/2018;0,58;0,58;0,57;0,57;3326
TAIR;30/07/2018;0,59;0,59;0,57;0,58;6006
TAIR;31/07/2018;0,57;0,57;0,57;0,57;9483
TAIR;01/08/2018;0,56;0,57;0,56;0,56;22022
TAIR;02/08/2018;0,57;0,58;0,56;0,57;27885
TAIR;03/08/2018;0,58;0,58;0,57;0,57;21613
TAIR;06/08/2018;0,57;0,57;0,56;0,56;21193
TAIR;07/08/2018;0,56;0,56;0,55;0,55;37512
TAIR;08/08/2018;0,55;0,55;0,54;0,55;21005
TAIR;09/08/2018;0,54;0,55;0,54;0,55;8014
TAIR;10/08/2018;0,55;0,55;0,54;0,55;14471
TAIR;14/08/2018;0,55;0,56;0,55;0,55;15169
TAIR;15/08/2018;0,55;0,56;0,55;0,56;7692
TAIR;16/08/2018;0,56;0,56;0,55;0,56;1334
TAIR;17/08/2018;0,56;0,56;0,56;0,56;200
TAIR;20/08/2018;0,56;0,56;0,56;0,56;177
TAIR;23/08/2018;0,56;0,56;0,56;0,56;100
TAIR;27/08/2018;0,55;0,55;0,55;0,55;1000
TAIR;28/08/2018;0,55;0,55;0,55;0,55;6
TAIR;29/08/2018;0,55;0,55;0,55;0,55;5050
TAIR;30/08/2018;0,54;0,55;0,54;0,55;531
TAIR;31/08/2018;0,55;0,55;0,55;0,55;2003
TAIR;03/09/2018;0,54;0,55;0,54;0,55;25542
TAIR;04/09/2018;0,55;0,55;0,54;0,55;55991
TAIR;05/09/2018;0,54;0,55;0,54;0,54;26442
TAIR;06/09/2018;0,53;0,54;0,53;0,54;27632
TAIR;07/09/2018;0,55;0,55;0,54;0,55;2388
TAIR;10/09/2018;0,55;0,56;0,55;0,56;10813
TAIR;12/09/2018;0,55;0,56;0,55;0,55;4926
TAIR;13/09/2018;0,55;0,56;0,54;0,54;56216
TAIR;14/09/2018;0,53;0,54;0,53;0,54;63162
TAIR;17/09/2018;0,54;0,54;0,53;0,54;31067
TAIR;18/09/2018;0,54;0,54;0,54;0,54;2000
TAIR;19/09/2018;0,54;0,56;0,54;0,56;64609
TAIR;20/09/2018;0,55;0,56;0,55;0,56;41214
TAIR;21/09/2018;0,55;0,56;0,54;0,55;24299
TAIR;24/09/2018;0,56;0,56;0,55;0,56;17673
TAIR;25/09/2018;0,55;0,56;0,55;0,56;16162
TAIR;26/09/2018;0,55;0,59;0,55;0,59;148753
TAIR;27/09/2018;0,61;0,61;0,59;0,61;292894
TAIR;28/09/2018;0,63;0,65;0,62;0,65;530873
TAIR;01/10/2018;0,64;0,64;0,62;0,62;323486
TAIR;02/10/2018;0,6;0,62;0,6;0,62;68003
TAIR;03/10/2018;0,62;0,62;0,61;0,61;3013
TAIR;04/10/2018;0,6;0,63;0,6;0,63;239169
TAIR;05/10/2018;0,62;0,63;0,62;0,62;18534
TAIR;08/10/2018;0,6;0,62;0,6;0,61;30507
TAIR;09/10/2018;0,62;0,63;0,61;0,63;53155
TAIR;10/10/2018;0,63;0,64;0,63;0,64;335825
TAIR;11/10/2018;0,64;0,65;0,63;0,64;88919
TAIR;12/10/2018;0,65;0,65;0,64;0,64;57835
TAIR;16/10/2018;0,64;0,65;0,63;0,64;61880
TAIR;17/10/2018;0,64;0,65;0,63;0,64;36012
TAIR;18/10/2018;0,63;0,64;0,62;0,64;20135
TAIR;19/10/2018;0,64;0,64;0,63;0,64;33089
TAIR;22/10/2018;0,64;0,64;0,63;0,63;41701
TAIR;23/10/2018;0,63;0,63;0,62;0,63;23777
TAIR;24/10/2018;0,62;0,62;0,61;0,61;35163
TAIR;25/10/2018;0,6;0,61;0,59;0,6;39285
TAIR;26/10/2018;0,6;0,6;0,59;0,59;16718
TAIR;29/10/2018;0,59;0,6;0,58;0,6;57956
TAIR;30/10/2018;0,59;0,6;0,58;0,58;25520
TAIR;31/10/2018;0,59;0,6;0,58;0,58;19233
TAIR;01/11/2018;0,6;0,61;0,58;0,61;21028
TAIR;02/11/2018;0,61;0,62;0,61;0,62;29581
TAIR;05/11/2018;0,62;0,62;0,6;0,62;32451
TAIR;06/11/2018;0,62;0,62;0,61;0,61;5094
TAIR;07/11/2018;0,6;0,61;0,6;0,6;4851
TAIR;08/11/2018;0,59;0,6;0,59;0,59;11215
TAIR;09/11/2018;0,6;0,62;0,59;0,6;35994
TAIR;12/11/2018;0,6;0,6;0,59;0,59;5209
TAIR;13/11/2018;0,59;0,6;0,59;0,6;16801
TAIR;14/11/2018;0,6;0,61;0,59;0,61;38041
TAIR;15/11/2018;0,6;0,64;0,6;0,64;128098
TAIR;16/11/2018;0,65;0,67;0,65;0,67;195484
TAIR;21/11/2018;0,7;0,72;0,68;0,72;474933
TAIR;23/11/2018;0,8;0,8;0,77;0,8;413549
TAIR;27/11/2018;0,86;0,89;0,81;0,89;1325725
TAIR;29/11/2018;0,9;0,93;0,89;0,89;566246
TAIR;30/11/2018;0,88;0,91;0,86;0,87;324699
TAIR;03/12/2018;0,84;0,86;0,82;0,82;192789
TAIR;04/12/2018;0,8;0,82;0,78;0,82;315032
TAIR;05/12/2018;0,84;0,85;0,82;0,82;58841
TAIR;06/12/2018;0,82;0,82;0,8;0,81;75317
TAIR;07/12/2018;0,81;0,82;0,79;0,79;85383
TAIR;10/12/2018;0,8;0,83;0,8;0,82;288112
TAIR;11/12/2018;0,84;0,84;0,82;0,83;60484
TAIR;12/12/2018;0,83;0,84;0,81;0,83;74910
TAIR;13/12/2018;0,83;0,84;0,81;0,83;69391
TAIR;14/12/2018;0,83;0,83;0,81;0,82;52110
TAIR;17/12/2018;0,8;0,84;0,8;0,82;71800
TAIR;18/12/2018;0,81;0,83;0,81;0,82;15035
TAIR;19/12/2018;0,82;0,82;0,8;0,81;38096
TAIR;20/12/2018;0,82;0,82;0,8;0,81;91943
TAIR;21/12/2018;0,83;0,83;0,82;0,83;57987
TAIR;24/12/2018;0,82;0,82;0,8;0,8;29986
TAIR;25/12/2018;0,78;0,8;0,77;0,8;63594
TAIR;26/12/2018;0,79;0,8;0,77;0,79;56548
TAIR;27/12/2018;0,78;0,79;0,76;0,79;16194
TAIR;28/12/2018;0,8;0,8;0,78;0,79;28697
TAIR;02/01/2019;0,78;0,79;0,76;0,76;47626
TAIR;03/01/2019;0,76;0,76;0,74;0,74;48775
TAIR;04/01/2019;0,74;0,74;0,72;0,72;61339
TAIR;07/01/2019;0,71;0,71;0,69;0,69;64345
TAIR;08/01/2019;0,67;0,69;0,65;0,69;258550
TAIR;09/01/2019;0,69;0,69;0,67;0,67;94750
TAIR;10/01/2019;0,69;0,69;0,67;0,69;42433
TAIR;11/01/2019;0,7;0,73;0,69;0,73;61051
TAIR;15/01/2019;0,73;0,75;0,72;0,72;136153
TAIR;16/01/2019;0,74;0,74;0,72;0,72;16983
TAIR;17/01/2019;0,7;0,72;0,69;0,71;24142
TAIR;18/01/2019;0,72;0,72;0,7;0,7;5321
TAIR;21/01/2019;0,72;0,72;0,7;0,7;7493
TAIR;22/01/2019;0,68;0,7;0,66;0,69;35683
TAIR;23/01/2019;0,69;0,69;0,67;0,68;8539
TAIR;24/01/2019;0,68;0,69;0,67;0,69;25660
TAIR;25/01/2019;0,68;0,69;0,66;0,68;26318
TAIR;28/01/2019;0,7;0,7;0,68;0,69;9279
TAIR;29/01/2019;0,69;0,7;0,69;0,69;6135
TAIR;30/01/2019;0,69;0,73;0,69;0,73;72087
TAIR;31/01/2019;0,73;0,76;0,72;0,74;34937
TAIR;01/02/2019;0,72;0,73;0,7;0,72;25636
TAIR;04/02/2019;0,72;0,72;0,7;0,7;5452
TAIR;05/02/2019;0,69;0,71;0,68;0,69;61627
TAIR;06/02/2019;0,67;0,71;0,67;0,71;17794
TAIR;07/02/2019;0,71;0,72;0,69;0,69;17987
TAIR;08/02/2019;0,71;0,71;0,69;0,71;12086
TAIR;11/02/2019;0,71;0,72;0,69;0,7;38638
TAIR;13/02/2019;0,76;0,76;0,72;0,73;114521
TAIR;14/02/2019;0,71;0,75;0,71;0,74;63615
TAIR;15/02/2019;0,74;0,75;0,72;0,74;27539
TAIR;18/02/2019;0,74;0,75;0,73;0,75;8180
TAIR;19/02/2019;0,75;0,79;0,74;0,79;125411
TAIR;20/02/2019;0,81;0,81;0,79;0,79;21807
TAIR;21/02/2019;0,77;0,77;0,75;0,75;65736
TAIR;22/02/2019;0,77;0,79;0,75;0,79;66568
TAIR;25/02/2019;0,81;0,83;0,8;0,83;438113
TAIR;26/02/2019;0,84;0,88;0,83;0,88;569063
TAIR;27/02/2019;0,9;0,91;0,86;0,86;144872
TAIR;28/02/2019;0,84;0,85;0,83;0,83;91209
TAIR;01/03/2019;0,81;0,83;0,8;0,83;126728
TAIR;04/03/2019;0,82;0,83;0,8;0,8;149087
TAIR;05/03/2019;0,8;0,82;0,79;0,81;32109
TAIR;06/03/2019;0,79;0,84;0,79;0,84;232425
TAIR;07/03/2019;0,84;0,84;0,82;0,83;19019
TAIR;08/03/2019;0,82;0,83;0,81;0,83;109208
TAIR;11/03/2019;0,84;0,84;0,82;0,84;33792
TAIR;12/03/2019;0,84;0,85;0,82;0,82;43926
TAIR;13/03/2019;0,8;0,82;0,79;0,82;27401
TAIR;14/03/2019;0,8;0,82;0,79;0,81;33234
TAIR;15/03/2019;0,81;0,83;0,79;0,81;24658
TAIR;18/03/2019;0,82;0,82;0,78;0,78;8804
TAIR;19/03/2019;0,76;0,8;0,76;0,78;51355
TAIR;21/03/2019;0,8;0,8;0,78;0,78;11868
TAIR;22/03/2019;0,8;0,81;0,78;0,79;50295
TAIR;25/03/2019;0,79;0,8;0,77;0,77;134125
TAIR;26/03/2019;0,79;0,79;0,75;0,78;86334
TAIR;27/03/2019;0,77;0,77;0,76;0,77;19350
TAIR;28/03/2019;0,76;0,76;0,75;0,76;32385
TAIR;01/04/2019;0,76;0,76;0,74;0,76;1296
TAIR;02/04/2019;0,74;0,74;0,72;0,74;119070
TAIR;03/04/2019;0,74;0,74;0,72;0,74;10829
TAIR;04/04/2019;0,74;0,74;0,72;0,74;10075
TAIR;05/04/2019;0,73;0,75;0,71;0,73;46825
TAIR;08/04/2019;0,71;0,73;0,71;0,72;25570
TAIR;10/04/2019;0,73;0,73;0,71;0,72;7013
TAIR;11/04/2019;0,72;0,72;0,7;0,72;56103
TAIR;12/04/2019;0,71;0,72;0,7;0,72;13565
TAIR;15/04/2019;0,7;0,72;0,7;0,71;49733
TAIR;16/04/2019;0,69;0,7;0,67;0,69;71370
TAIR;17/04/2019;0,7;0,7;0,68;0,69;38988
TAIR;18/04/2019;0,69;0,69;0,67;0,67;44802
TAIR;19/04/2019;0,67;0,69;0,65;0,69;38182
TAIR;22/04/2019;0,7;0,72;0,69;0,72;72290
TAIR;23/04/2019;0,72;0,73;0,7;0,72;8531
TAIR;24/04/2019;0,73;0,73;0,71;0,72;4309
TAIR;25/04/2019;0,7;0,72;0,7;0,71;7859
TAIR;26/04/2019;0,7;0,71;0,69;0,7;6472
TAIR;29/04/2019;0,7;0,7;0,68;0,69;4750
TAIR;30/04/2019;0,69;0,69;0,67;0,67;9290
TAIR;02/05/2019;0,67;0,69;0,65;0,69;79677
TAIR;03/05/2019;0,68;0,68;0,67;0,68;3276
TAIR;06/05/2019;0,67;0,68;0,67;0,67;1088
TAIR;07/05/2019;0,66;0,67;0,65;0,65;54902
TAIR;08/05/2019;0,65;0,65;0,64;0,65;78635
TAIR;09/05/2019;0,64;0,65;0,64;0,65;45600
TAIR;10/05/2019;0,64;0,65;0,63;0,64;54958
TAIR;13/05/2019;0,64;0,64;0,63;0,63;11978
TAIR;14/05/2019;0,63;0,63;0,61;0,61;13301
TAIR;15/05/2019;0,63;0,63;0,63;0,63;20002
TAIR;16/05/2019;0,63;0,63;0,62;0,63;876
TAIR;17/05/2019;0,62;0,63;0,62;0,63;6914
TAIR;20/05/2019;0,63;0,64;0,63;0,64;8169
TAIR;24/05/2019;0,74;0,75;0,7;0,75;156887
TAIR;28/05/2019;0,79;0,81;0,76;0,8;207009
TAIR;29/05/2019;0,79;0,8;0,77;0,77;49021
TAIR;30/05/2019;0,75;0,77;0,73;0,75;60243
TAIR;31/05/2019;0,75;0,75;0,73;0,74;9839
TAIR;03/06/2019;0,74;0,75;0,73;0,75;4646
TAIR;07/06/2019;0,75;0,75;0,73;0,75;11398
TAIR;10/06/2019;0,75;0,75;0,73;0,73;7189
TAIR;11/06/2019;0,72;0,72;0,7;0,72;11939
TAIR;12/06/2019;0,73;0,73;0,68;0,69;30643
TAIR;13/06/2019;0,69;0,7;0,67;0,7;8365
TAIR;14/06/2019;0,72;0,72;0,7;0,71;1888
TAIR;17/06/2019;0,73;0,73;0,7;0,7;4945
TAIR;18/06/2019;0,69;0,7;0,67;0,68;9213
TAIR;19/06/2019;0,69;0,71;0,67;0,7;15411
TAIR;20/06/2019;0,7;0,7;0,68;0,7;17923
TAIR;21/06/2019;0,68;0,7;0,68;0,7;5244
TAIR;24/06/2019;0,7;0,71;0,69;0,7;6886
TAIR;25/06/2019;0,71;0,71;0,7;0,71;16483
TAIR;26/06/2019;0,7;0,7;0,69;0,7;15358
TAIR;27/06/2019;0,7;0,71;0,68;0,69;17199
TAIR;28/06/2019;0,7;0,7;0,68;0,7;16017
TAIR;01/07/2019;0,7;0,7;0,68;0,68;6511
TAIR;02/07/2019;0,69;0,69;0,66;0,68;14810
TAIR;03/07/2019;0,67;0,68;0,66;0,66;20675
TAIR;04/07/2019;0,66;0,67;0,66;0,67;7363
TAIR;05/07/2019;0,68;0,69;0,67;0,69;9685
TAIR;08/07/2019;0,69;0,69;0,67;0,67;7041
TAIR;09/07/2019;0,69;0,69;0,67;0,69;11232
TAIR;10/07/2019;0,68;0,68;0,66;0,67;40024
TAIR;11/07/2019;0,67;0,68;0,66;0,68;4991
TAIR;12/07/2019;0,66;0,67;0,66;0,67;1500
TAIR;15/07/2019;0,68;0,68;0,67;0,68;348
TAIR;16/07/2019;0,68;0,68;0,68;0,68;3374
TAIR;17/07/2019;0,67;0,69;0,67;0,69;8243
TAIR;18/07/2019;0,68;0,69;0,68;0,69;2686
TAIR;19/07/2019;0,68;0,68;0,67;0,68;5169
TAIR;22/07/2019;0,68;0,68;0,67;0,67;6921
TAIR;23/07/2019;0,66;0,67;0,66;0,67;7396
TAIR;24/07/2019;0,67;0,67;0,66;0,67;5330
TAIR;26/07/2019;0,67;0,67;0,67;0,67;11
TAIR;29/07/2019;0,66;0,66;0,66;0,66;19447
TAIR;30/07/2019;0,66;0,67;0,65;0,65;43643
TAIR;31/07/2019;0,66;0,66;0,65;0,66;15006
TAIR;01/08/2019;0,66;0,66;0,65;0,65;9279
TAIR;02/08/2019;0,65;0,67;0,65;0,67;12628
TAIR;05/08/2019;0,67;0,67;0,65;0,66;13513
TAIR;06/08/2019;0,67;0,67;0,65;0,67;2818
TAIR;07/08/2019;0,65;0,66;0,65;0,66;18736
TAIR;08/08/2019;0,67;0,67;0,66;0,67;5339
TAIR;09/08/2019;0,66;0,66;0,65;0,66;9826
TAIR;14/08/2019;0,66;0,66;0,65;0,66;873
TAIR;15/08/2019;0,66;0,66;0,66;0,66;2137
TAIR;16/08/2019;0,66;0,66;0,65;0,65;4220
TAIR;19/08/2019;0,64;0,65;0,64;0,64;6857
TAIR;20/08/2019;0,64;0,65;0,64;0,65;3074
TAIR;21/08/2019;0,64;0,64;0,64;0,64;785
TAIR;22/08/2019;0,63;0,64;0,63;0,64;4792
TAIR;23/08/2019;0,65;0,65;0,62;0,65;8794
TAIR;26/08/2019;0,65;0,65;0,64;0,65;615
TAIR;27/08/2019;0,64;0,65;0,63;0,65;13195
TAIR;28/08/2019;0,65;0,65;0,64;0,65;4552
TAIR;29/08/2019;0,64;0,65;0,64;0,64;7930
TAIR;30/08/2019;0,65;0,65;0,63;0,63;4760
TAIR;02/09/2019;0,63;0,64;0,62;0,63;6381
TAIR;03/09/2019;0,63;0,63;0,63;0,63;3819
TAIR;04/09/2019;0,62;0,63;0,62;0,63;3293
TAIR;05/09/2019;0,63;0,63;0,62;0,63;11599
TAIR;06/09/2019;0,63;0,64;0,62;0,63;9880
TAIR;09/09/2019;0,61;0,62;0,61;0,62;10462
TAIR;10/09/2019;0,61;0,62;0,61;0,62;5848
TAIR;11/09/2019;0,62;0,63;0,62;0,63;6619
TAIR;12/09/2019;0,63;0,63;0,62;0,62;3541
TAIR;13/09/2019;0,62;0,62;0,62;0,62;3599
TAIR;16/09/2019;0,62;0,63;0,62;0,62;12603
TAIR;17/09/2019;0,64;0,65;0,63;0,65;10866
TAIR;18/09/2019;0,65;0,65;0,64;0,64;9014
TAIR;19/09/2019;0,64;0,64;0,63;0,64;7026
TAIR;20/09/2019;0,64;0,64;0,63;0,64;1705
TAIR;23/09/2019;0,64;0,66;0,62;0,63;4270
TAIR;24/09/2019;0,62;0,63;0,62;0,63;2008
TAIR;25/09/2019;0,63;0,63;0,62;0,62;4732
TAIR;26/09/2019;0,61;0,63;0,61;0,63;17459
TAIR;27/09/2019;0,62;0,63;0,62;0,63;10864
TAIR;01/10/2019;0,64;0,66;0,64;0,65;11440
TAIR;02/10/2019;0,65;0,66;0,64;0,64;9848
TAIR;03/10/2019;0,64;0,64;0,63;0,63;11503
TAIR;04/10/2019;0,63;0,63;0,63;0,63;2400
TAIR;07/10/2019;0,63;0,63;0,62;0,63;7122
TAIR;08/10/2019;0,63;0,63;0,62;0,63;5442
TAIR;09/10/2019;0,63;0,63;0,62;0,63;2457
TAIR;10/10/2019;0,62;0,63;0,62;0,63;8573
TAIR;11/10/2019;0,62;0,63;0,62;0,63;6648
TAIR;14/10/2019;0,63;0,63;0,62;0,63;9778
TAIR;16/10/2019;0,63;0,63;0,62;0,63;3200
TAIR;17/10/2019;0,62;0,63;0,62;0,63;5200
TAIR;18/10/2019;0,63;0,63;0,62;0,63;1751
TAIR;21/10/2019;0,63;0,63;0,61;0,63;8731
TAIR;22/10/2019;0,62;0,63;0,62;0,63;10108
TAIR;23/10/2019;0,63;0,63;0,62;0,62;17941
TAIR;24/10/2019;0,62;0,63;0,61;0,62;10754
TAIR;25/10/2019;0,62;0,62;0,61;0,62;15460
TAIR;28/10/2019;0,62;0,63;0,61;0,61;31338
TAIR;29/10/2019;0,62;0,62;0,61;0,61;21013
TAIR;30/10/2019;0,6;0,61;0,6;0,61;18481
TAIR;31/10/2019;0,61;0,62;0,6;0,62;4097
TAIR;01/11/2019;0,61;0,61;0,61;0,61;23
TAIR;04/11/2019;0,6;0,61;0,59;0,6;25841
TAIR;05/11/2019;0,61;0,61;0,6;0,6;5005
TAIR;06/11/2019;0,6;0,61;0,59;0,6;42914
TAIR;07/11/2019;0,61;0,63;0,61;0,63;80095
TAIR;08/11/2019;0,64;0,66;0,64;0,66;61954
TAIR;12/11/2019;0,68;0,68;0,65;0,65;149858
TAIR;13/11/2019;0,64;0,65;0,63;0,63;45492
TAIR;14/11/2019;0,64;0,64;0,62;0,63;5107
TAIR;15/11/2019;0,63;0,63;0,61;0,63;11225
TAIR;18/11/2019;0,62;0,62;0,62;0,62;2165
TAIR;19/11/2019;0,62;0,62;0,61;0,62;2949
TAIR;20/11/2019;0,63;0,63;0,63;0,63;9646
TAIR;21/11/2019;0,64;0,66;0,64;0,66;38215
TAIR;22/11/2019;0,67;0,67;0,64;0,64;12041
TAIR;25/11/2019;0,64;0,65;0,63;0,64;13426
TAIR;26/11/2019;0,65;0,65;0,64;0,65;3023
TAIR;27/11/2019;0,65;0,65;0,63;0,65;20331
TAIR;28/11/2019;0,64;0,65;0,63;0,65;26277
TAIR;29/11/2019;0,64;0,64;0,64;0,64;3745
TAIR;02/12/2019;0,65;0,65;0,63;0,63;3610
TAIR;03/12/2019;0,64;0,64;0,62;0,62;3590
TAIR;04/12/2019;0,61;0,62;0,61;0,62;5633
TAIR;05/12/2019;0,61;0,62;0,61;0,62;15566
TAIR;06/12/2019;0,62;0,65;0,61;0,63;109703
TAIR;09/12/2019;0,64;0,64;0,62;0,62;20649
TAIR;10/12/2019;0,62;0,62;0,61;0,61;17716
TAIR;11/12/2019;0,61;0,62;0,61;0,62;6940
TAIR;12/12/2019;0,62;0,63;0,61;0,63;25493
TAIR;13/12/2019;0,62;0,63;0,62;0,63;6671
TAIR;16/12/2019;0,63;0,64;0,62;0,62;34728
TAIR;17/12/2019;0,62;0,62;0,61;0,61;9526
TAIR;18/12/2019;0,62;0,63;0,61;0,63;52495
TAIR;19/12/2019;0,63;0,63;0,62;0,63;16689
TAIR;20/12/2019;0,64;0,64;0,62;0,62;11035
TAIR;23/12/2019;0,62;0,62;0,6;0,61;43089
TAIR;24/12/2019;0,62;0,63;0,62;0,63;30760
TAIR;25/12/2019;0,63;0,64;0,63;0,64;7689
TAIR;26/12/2019;0,65;0,66;0,64;0,65;19167
TAIR;27/12/2019;0,65;0,66;0,64;0,65;5831
TAIR;02/01/2020;0,63;0,63;0,62;0,63;13391
TAIR;03/01/2020;0,63;0,63;0,62;0,62;22163
TAIR;06/01/2020;0,63;0,63;0,59;0,6;124299
TAIR;07/01/2020;0,6;0,6;0,59;0,59;69788
TAIR;08/01/2020;0,59;0,59;0,58;0,59;60144
TAIR;09/01/2020;0,6;0,6;0,59;0,59;22840
TAIR;10/01/2020;0,58;0,58;0,57;0,57;28876
TAIR;13/01/2020;0,57;0,58;0,57;0,57;8470
TAIR;15/01/2020;0,57;0,57;0,56;0,57;32389
TAIR;16/01/2020;0,57;0,58;0,56;0,57;10261
TAIR;17/01/2020;0,56;0,57;0,56;0,57;31616
TAIR;20/01/2020;0,56;0,57;0,56;0,57;5342
TAIR;21/01/2020;0,59;0,59;0,57;0,59;14093
TAIR;22/01/2020;0,6;0,61;0,59;0,61;39299
TAIR;23/01/2020;0,61;0,62;0,61;0,62;4188
TAIR;24/01/2020;0,62;0,63;0,61;0,62;19521
TAIR;27/01/2020;0,62;0,62;0,6;0,6;19873
TAIR;28/01/2020;0,6;0,61;0,59;0,61;17746
TAIR;29/01/2020;0,61;0,61;0,6;0,61;9268
TAIR;30/01/2020;0,61;0,61;0,6;0,61;196
TAIR;31/01/2020;0,59;0,6;0,59;0,6;19865
TAIR;03/02/2020;0,59;0,6;0,58;0,58;46608
TAIR;05/02/2020;0,61;0,61;0,6;0,6;141634
TAIR;06/02/2020;0,59;0,6;0,59;0,6;36698
TAIR;07/02/2020;0,61;0,63;0,61;0,63;81758
TAIR;10/02/2020;0,64;0,65;0,62;0,64;66467
TAIR;11/02/2020;0,63;0,64;0,63;0,63;34381
TAIR;12/02/2020;0,64;0,65;0,64;0,65;86313
TAIR;13/02/2020;0,66;0,68;0,65;0,68;60802
TAIR;14/02/2020;0,7;0,72;0,69;0,72;207943
TAIR;17/02/2020;0,71;0,73;0,69;0,71;101088
TAIR;18/02/2020;0,72;0,74;0,7;0,7;171714
TAIR;19/02/2020;0,69;0,71;0,68;0,71;87464
TAIR;20/02/2020;0,71;0,73;0,71;0,72;31744
TAIR;21/02/2020;0,72;0,72;0,7;0,72;6930
TAIR;24/02/2020;0,72;0,72;0,7;0,7;13207
TAIR;25/02/2020;0,7;0,71;0,68;0,69;31194
TAIR;26/02/2020;0,7;0,7;0,7;0,7;2767
TAIR;27/02/2020;0,7;0,7;0,68;0,7;17197
TAIR;28/02/2020;0,68;0,71;0,68;0,71;117488
TAIR;02/03/2020;0,72;0,72;0,71;0,71;22095
TAIR;03/03/2020;0,71;0,72;0,7;0,71;76573
TAIR;04/03/2020;0,71;0,71;0,7;0,7;16624
TAIR;05/03/2020;0,71;0,71;0,69;0,7;19266
TAIR;06/03/2020;0,68;0,7;0,66;0,68;116787
TAIR;09/03/2020;0,67;0,69;0,65;0,67;68585
TAIR;10/03/2020;0,64;0,65;0,64;0,65;14084
TAIR;11/03/2020;0,63;0,65;0,63;0,63;43443
TAIR;12/03/2020;0,63;0,64;0,62;0,63;32514
TAIR;13/03/2020;0,63;0,64;0,62;0,64;67679
TAIR;16/03/2020;0,62;0,62;0,62;0,62;13046
TAIR;17/03/2020;0,61;0,61;0,61;0,61;46
TAIR;18/03/2020;0,6;0,6;0,6;0,6;122
TAIR;19/03/2020;0,59;0,6;0,59;0,59;12050
TAIR;23/03/2020;0,58;0,59;0,58;0,59;1652
TAIR;24/03/2020;0,58;0,59;0,58;0,59;4164
TAIR;25/03/2020;0,59;0,6;0,59;0,6;8201
TAIR;26/03/2020;0,61;0,61;0,59;0,59;1279
TAIR;27/03/2020;0,59;0,59;0,58;0,58;3336
TAIR;01/04/2020;0,58;0,59;0,58;0,59;2017
TAIR;02/04/2020;0,59;0,6;0,58;0,58;13110
TAIR;03/04/2020;0,58;0,58;0,57;0,57;19979
TAIR;06/04/2020;0,56;0,56;0,56;0,56;14300
TAIR;07/04/2020;0,55;0,55;0,55;0,55;9269
TAIR;08/04/2020;0,55;0,55;0,54;0,54;1958
TAIR;13/04/2020;0,54;0,55;0,53;0,55;15595
TAIR;14/04/2020;0,55;0,55;0,54;0,55;20297
TAIR;15/04/2020;0,54;0,54;0,54;0,54;5751
TAIR;16/04/2020;0,53;0,53;0,53;0,53;1000
TAIR;17/04/2020;0,52;0,54;0,52;0,52;32338
TAIR;20/04/2020;0,53;0,53;0,53;0,53;615
TAIR;21/04/2020;0,53;0,54;0,53;0,54;15727
TAIR;22/04/2020;0,54;0,55;0,54;0,55;1182
TAIR;23/04/2020;0,56;0,56;0,55;0,55;677
TAIR;24/04/2020;0,56;0,56;0,54;0,55;4143
TAIR;27/04/2020;0,56;0,56;0,56;0,56;11
TAIR;28/04/2020;0,55;0,56;0,55;0,55;1269
TAIR;29/04/2020;0,55;0,55;0,54;0,54;2767
TAIR;30/04/2020;0,54;0,54;0,53;0,54;370
TAIR;05/05/2020;0,52;0,54;0,52;0,54;33705
TAIR;06/05/2020;0,55;0,55;0,53;0,54;24215
TAIR;07/05/2020;0,54;0,54;0,54;0,54;13851
TAIR;08/05/2020;0,55;0,55;0,53;0,53;6989
TAIR;11/05/2020;0,53;0,54;0,52;0,54;28525
TAIR;12/05/2020;0,54;0,55;0,53;0,54;29032
TAIR;13/05/2020;0,54;0,54;0,53;0,54;2807
TAIR;14/05/2020;0,54;0,54;0,53;0,54;3351
TAIR;15/05/2020;0,54;0,54;0,53;0,54;35745
TAIR;19/05/2020;0,54;0,54;0,52;0,52;1733
TAIR;20/05/2020;0,52;0,52;0,52;0,52;1505
TAIR;21/05/2020;0,52;0,53;0,52;0,53;501
TAIR;22/05/2020;0,53;0,54;0,52;0,54;1498
TAIR;26/05/2020;0,55;0,55;0,53;0,55;5434
TAIR;27/05/2020;0,56;0,56;0,56;0,56;2795
TAIR;28/05/2020;0,56;0,57;0,55;0,57;14776
TAIR;01/06/2020;0,58;0,59;0,57;0,59;17367
TAIR;02/06/2020;0,6;0,6;0,59;0,6;28285
TAIR;03/06/2020;0,61;0,61;0,6;0,61;97096
TAIR;04/06/2020;0,62;0,62;0,62;0,62;16488
TAIR;05/06/2020;0,61;0,62;0,61;0,61;25064
TAIR;08/06/2020;0,61;0,61;0,6;0,6;16215
TAIR;09/06/2020;0,61;0,61;0,6;0,6;24706
TAIR;10/06/2020;0,61;0,61;0,61;0,61;11
TAIR;11/06/2020;0,6;0,61;0,59;0,6;17987
TAIR;12/06/2020;0,6;0,6;0,59;0,6;684
TAIR;15/06/2020;0,6;0,61;0,59;0,59;5650
TAIR;16/06/2020;0,6;0,6;0,58;0,6;20624
TAIR;17/06/2020;0,6;0,6;0,58;0,58;27984
TAIR;18/06/2020;0,58;0,58;0,57;0,57;40860
TAIR;19/06/2020;0,58;0,58;0,56;0,58;48503
TAIR;22/06/2020;0,59;0,59;0,58;0,59;10862
TAIR;23/06/2020;0,58;0,59;0,58;0,58;48976
TAIR;24/06/2020;0,58;0,59;0,57;0,59;30615
TAIR;25/06/2020;0,58;0,58;0,57;0,57;19687
TAIR;26/06/2020;0,58;0,58;0,57;0,58;17259
TAIR;01/07/2020;0,58;0,58;0,57;0,58;1157
TAIR;02/07/2020;0,58;0,59;0,58;0,59;42863
TAIR;03/07/2020;0,6;0,6;0,59;0,6;9408
TAIR;06/07/2020;0,59;0,6;0,58;0,59;19848
TAIR;07/07/2020;0,59;0,6;0,58;0,6;7521
TAIR;09/07/2020;0,59;0,62;0,59;0,62;98164
TAIR;10/07/2020;0,64;0,64;0,64;0,64;34583
TAIR;13/07/2020;0,65;0,66;0,64;0,64;79051
TAIR;14/07/2020;0,65;0,66;0,64;0,64;21273
TAIR;15/07/2020;0,65;0,66;0,64;0,64;1174
TAIR;16/07/2020;0,64;0,64;0,61;0,61;6941
TAIR;17/07/2020;0,61;0,61;0,6;0,61;7293
TAIR;20/07/2020;0,62;0,63;0,61;0,63;15978
TAIR;21/07/2020;0,64;0,65;0,63;0,63;16146
TAIR;22/07/2020;0,62;0,63;0,62;0,63;3231
TAIR;23/07/2020;0,62;0,62;0,61;0,61;7012
TAIR;24/07/2020;0,61;0,61;0,6;0,61;8466
TAIR;27/07/2020;0,61;0,61;0,6;0,61;1195
TAIR;28/07/2020;0,6;0,61;0,6;0,6;10704
TAIR;29/07/2020;0,6;0,62;0,6;0,62;14603
TAIR;30/07/2020;0,61;0,61;0,61;0,61;6015
TAIR;03/08/2020;0,6;0,6;0,59;0,6;6270
TAIR;04/08/2020;0,59;0,6;0,59;0,6;7234
TAIR;05/08/2020;0,6;0,6;0,59;0,6;5225
TAIR;06/08/2020;0,6;0,6;0,59;0,59;4520
TAIR;07/08/2020;0,59;0,59;0,58;0,58;13367
TAIR;10/08/2020;0,58;0,59;0,58;0,59;15389
TAIR;11/08/2020;0,59;0,59;0,58;0,58;3053
TAIR;12/08/2020;0,57;0,58;0,56;0,57;60064
TAIR;14/08/2020;0,58;0,59;0,57;0,59;23209
TAIR;17/08/2020;0,59;0,6;0,58;0,58;1489
TAIR;18/08/2020;0,57;0,57;0,57;0,57;3820
TAIR;19/08/2020;0,57;0,58;0,56;0,57;49
TAIR;21/08/2020;0,57;0,57;0,56;0,57;1535
TAIR;24/08/2020;0,56;0,57;0,55;0,57;9648
TAIR;25/08/2020;0,57;0,58;0,57;0,58;7597
TAIR;26/08/2020;0,57;0,58;0,57;0,57;2240
TAIR;27/08/2020;0,56;0,57;0,56;0,56;7618
TAIR;28/08/2020;0,56;0,57;0,56;0,56;10816
TAIR;31/08/2020;0,58;0,58;0,56;0,57;15282
TAIR;01/09/2020;0,57;0,58;0,56;0,58;6823
TAIR;02/09/2020;0,58;0,58;0,57;0,58;5124
TAIR;03/09/2020;0,57;0,58;0,57;0,58;14180
TAIR;04/09/2020;0,57;0,57;0,56;0,57;8827
TAIR;07/09/2020;0,57;0,57;0,56;0,57;11595
TAIR;08/09/2020;0,55;0,57;0,55;0,57;11201
TAIR;09/09/2020;0,56;0,6;0,56;0,6;41420
TAIR;10/09/2020;0,6;0,61;0,6;0,61;82147
TAIR;11/09/2020;0,61;0,64;0,61;0,64;39089
TAIR;14/09/2020;0,65;0,66;0,63;0,63;79145
TAIR;15/09/2020;0,62;0,63;0,61;0,63;94769
TAIR;16/09/2020;0,61;0,63;0,61;0,62;14594
TAIR;17/09/2020;0,61;0,62;0,6;0,62;7829
TAIR;18/09/2020;0,62;0,63;0,61;0,62;42822
TAIR;21/09/2020;0,62;0,63;0,62;0,62;15749
TAIR;22/09/2020;0,62;0,63;0,62;0,63;22548
TAIR;23/09/2020;0,63;0,63;0,62;0,63;16413
TAIR;24/09/2020;0,63;0,64;0,62;0,64;15781
TAIR;25/09/2020;0,63;0,64;0,63;0,63;1745
TAIR;28/09/2020;0,64;0,64;0,62;0,62;10199
TAIR;01/10/2020;0,6;0,6;0,59;0,59;19673
TAIR;02/10/2020;0,59;0,59;0,58;0,59;13325
TAIR;05/10/2020;0,6;0,6;0,6;0,6;2694
TAIR;06/10/2020;0,61;0,61;0,6;0,61;4904
TAIR;07/10/2020;0,61;0,61;0,6;0,6;734
TAIR;08/10/2020;0,6;0,6;0,59;0,59;13094
TAIR;09/10/2020;0,6;0,6;0,59;0,6;5174
TAIR;12/10/2020;0,6;0,6;0,58;0,58;31870
TAIR;13/10/2020;0,58;0,59;0,57;0,59;5533
TAIR;14/10/2020;0,6;0,6;0,6;0,6;50
TAIR;16/10/2020;0,59;0,6;0,59;0,59;27029
TAIR;19/10/2020;0,6;0,6;0,59;0,59;1180
TAIR;20/10/2020;0,58;0,59;0,58;0,59;6164
TAIR;21/10/2020;0,59;0,6;0,58;0,6;1615
TAIR;22/10/2020;0,59;0,6;0,59;0,6;674
TAIR;23/10/2020;0,6;0,6;0,59;0,6;286
TAIR;26/10/2020;0,6;0,61;0,6;0,61;12939
TAIR;27/10/2020;0,61;0,62;0,6;0,61;7109
TAIR;28/10/2020;0,61;0,61;0,59;0,6;6019
TAIR;30/10/2020;0,59;0,59;0,59;0,59;6086
TAIR;02/11/2020;0,59;0,59;0,58;0,58;2568
TAIR;03/11/2020;0,57;0,58;0,57;0,57;22485
TAIR;04/11/2020;0,57;0,58;0,56;0,58;21197
TAIR;05/11/2020;0,59;0,59;0,57;0,59;7875
TAIR;06/11/2020;0,59;0,59;0,58;0,59;3264
TAIR;09/11/2020;0,58;0,59;0,58;0,59;183
TAIR;10/11/2020;0,58;0,59;0,58;0,59;29546
TAIR;11/11/2020;0,6;0,61;0,6;0,61;49170
TAIR;12/11/2020;0,63;0,65;0,63;0,63;114742
TAIR;13/11/2020;0,62;0,63;0,61;0,61;22818
TAIR;16/11/2020;0,62;0,63;0,62;0,63;21932
TAIR;17/11/2020;0,63;0,64;0,62;0,63;16103
TAIR;18/11/2020;0,63;0,64;0,61;0,61;23871
TAIR;19/11/2020;0,61;0,62;0,61;0,61;25165
TAIR;20/11/2020;0,62;0,62;0,61;0,61;3309
TAIR;23/11/2020;0,6;0,61;0,59;0,6;30887
TAIR;24/11/2020;0,61;0,61;0,6;0,6;4055
TAIR;25/11/2020;0,6;0,6;0,59;0,6;8785
TAIR;26/11/2020;0,59;0,6;0,59;0,6;76
TAIR;27/11/2020;0,6;0,6;0,59;0,59;7152
TAIR;30/11/2020;0,6;0,62;0,6;0,62;65920
TAIR;01/12/2020;0,64;0,64;0,62;0,63;33842
TAIR;02/12/2020;0,63;0,63;0,61;0,61;6176
TAIR;03/12/2020;0,6;0,61;0,58;0,58;73402
TAIR;04/12/2020;0,6;0,61;0,6;0,61;4669
TAIR;07/12/2020;0,63;0,63;0,62;0,63;36828
TAIR;08/12/2020;0,63;0,63;0,61;0,62;6206
TAIR;09/12/2020;0,61;0,62;0,59;0,61;33631
TAIR;10/12/2020;0,61;0,61;0,59;0,61;41097
TAIR;11/12/2020;0,61;0,61;0,6;0,61;4363
TAIR;14/12/2020;0,6;0,61;0,6;0,61;3412
TAIR;15/12/2020;0,61;0,61;0,6;0,6;4180
TAIR;16/12/2020;0,6;0,61;0,59;0,6;14964
TAIR;17/12/2020;0,61;0,61;0,59;0,59;54264
TAIR;18/12/2020;0,59;0,6;0,57;0,57;181000
TAIR;21/12/2020;0,58;0,58;0,57;0,58;74395
TAIR;22/12/2020;0,59;0,59;0,58;0,58;7599
TAIR;23/12/2020;0,57;0,57;0,56;0,57;163895
TAIR;24/12/2020;0,56;0,57;0,56;0,56;71864
TAIR;25/12/2020;0,57;0,58;0,56;0,58;21352
TAIR;28/12/2020;0,59;0,59;0,58;0,58;6712
TAIR;04/01/2021;0,58;0,58;0,58;0,58;22816
TAIR;05/01/2021;0,59;0,6;0,58;0,59;376303
TAIR;06/01/2021;0,59;0,59;0,58;0,58;48577
TAIR;07/01/2021;0,57;0,58;0,57;0,58;91555
TAIR;08/01/2021;0,58;0,59;0,57;0,59;49680
TAIR;11/01/2021;0,59;0,6;0,58;0,6;23078
TAIR;12/01/2021;0,6;0,6;0,58;0,58;34344
TAIR;13/01/2021;0,59;0,6;0,58;0,6;15961
TAIR;15/01/2021;0,59;0,59;0,58;0,59;1908
TAIR;18/01/2021;0,58;0,59;0,58;0,59;16071
TAIR;19/01/2021;0,59;0,59;0,58;0,58;9116
TAIR;20/01/2021;0,58;0,59;0,58;0,59;25675
TAIR;21/01/2021;0,59;0,59;0,58;0,59;11518
TAIR;22/01/2021;0,59;0,59;0,57;0,59;30871
TAIR;25/01/2021;0,58;0,59;0,58;0,59;12094
TAIR;26/01/2021;0,6;0,61;0,59;0,61;44659
TAIR;27/01/2021;0,63;0,65;0,63;0,65;280938
TAIR;02/02/2021;0,75;0,75;0,69;0,69;913250
TAIR;03/02/2021;0,66;0,67;0,65;0,65;77530
TAIR;04/02/2021;0,65;0,66;0,64;0,64;14721
TAIR;05/02/2021;0,63;0,64;0,62;0,64;31242
TAIR;08/02/2021;0,66;0,68;0,66;0,68;120177
TAIR;09/02/2021;0,7;0,72;0,69;0,72;454395
TAIR;10/02/2021;0,74;0,76;0,72;0,76;715307
TAIR;11/02/2021;0,76;0,77;0,74;0,74;129108
TAIR;12/02/2021;0,72;0,72;0,7;0,7;135138
TAIR;15/02/2021;0,68;0,69;0,66;0,67;109074
TAIR;16/02/2021;0,66;0,67;0,65;0,65;101975
TAIR;17/02/2021;0,67;0,68;0,67;0,68;32534
TAIR;18/02/2021;0,68;0,68;0,65;0,66;227395
TAIR;19/02/2021;0,64;0,66;0,64;0,64;86632
TAIR;22/02/2021;0,63;0,64;0,62;0,62;73067
TAIR;23/02/2021;0,61;0,63;0,6;0,62;144407
TAIR;24/02/2021;0,61;0,61;0,59;0,61;217886
TAIR;25/02/2021;0,61;0,62;0,6;0,62;13154
TAIR;26/02/2021;0,62;0,63;0,61;0,63;54584
TAIR;01/03/2021;0,64;0,65;0,62;0,63;32982
TAIR;02/03/2021;0,62;0,62;0,6;0,6;66822
TAIR;03/03/2021;0,6;0,62;0,59;0,62;48241
TAIR;04/03/2021;0,62;0,62;0,61;0,61;28656
TAIR;05/03/2021;0,61;0,61;0,59;0,6;93102
TAIR;08/03/2021;0,6;0,6;0,59;0,6;65275
TAIR;09/03/2021;0,59;0,6;0,58;0,59;136955
TAIR;10/03/2021;0,58;0,59;0,58;0,59;38699
TAIR;11/03/2021;0,6;0,61;0,59;0,6;21039
TAIR;12/03/2021;0,6;0,61;0,59;0,59;26472
TAIR;15/03/2021;0,6;0,61;0,58;0,59;68439
TAIR;16/03/2021;0,59;0,6;0,58;0,58;16406
TAIR;17/03/2021;0,57;0,58;0,57;0,57;19237
TAIR;18/03/2021;0,58;0,58;0,57;0,58;24569
TAIR;19/03/2021;0,58;0,59;0,57;0,59;15446
TAIR;22/03/2021;0,59;0,59;0,58;0,58;12427
TAIR;23/03/2021;0,59;0,59;0,57;0,58;42194
TAIR;24/03/2021;0,58;0,58;0,57;0,58;28337
TAIR;25/03/2021;0,58;0,61;0,57;0,61;99413
TAIR;26/03/2021;0,62;0,63;0,59;0,61;66441
TAIR;29/03/2021;0,6;0,61;0,59;0,59;8019
TAIR;30/03/2021;0,58;0,59;0,57;0,59;51279
TAIR;31/03/2021;0,58;0,59;0,58;0,59;20563
TAIR;01/04/2021;0,59;0,59;0,58;0,59;58900
TAIR;02/04/2021;0,59;0,6;0,58;0,6;21451
TAIR;05/04/2021;0,6;0,6;0,59;0,59;23990
TAIR;06/04/2021;0,58;0,59;0,57;0,58;17668
TAIR;07/04/2021;0,58;0,59;0,57;0,57;9665
TAIR;08/04/2021;0,58;0,59;0,57;0,59;9527
TAIR;12/04/2021;0,59;0,59;0,58;0,58;747
TAIR;13/04/2021;0,57;0,58;0,57;0,58;27667
TAIR;14/04/2021;0,58;0,58;0,57;0,58;7253
TAIR;15/04/2021;0,58;0,58;0,57;0,58;21942
TAIR;16/04/2021;0,58;0,58;0,57;0,57;20892
TAIR;19/04/2021;0,56;0,57;0,55;0,57;20691
TAIR;20/04/2021;0,57;0,57;0,56;0,56;44644
TAIR;21/04/2021;0,56;0,57;0,56;0,56;30550
TAIR;22/04/2021;0,56;0,56;0,56;0,56;3766
TAIR;23/04/2021;0,56;0,57;0,55;0,57;42393
TAIR;26/04/2021;0,57;0,57;0,55;0,56;65779
TAIR;27/04/2021;0,55;0,56;0,54;0,56;65361
TAIR;28/04/2021;0,56;0,57;0,56;0,56;9558
TAIR;29/04/2021;0,55;0,56;0,55;0,56;7645
TAIR;30/04/2021;0,55;0,56;0,55;0,56;8783
TAIR;03/05/2021;0,55;0,57;0,55;0,57;12109
TAIR;04/05/2021;0,57;0,57;0,56;0,57;11155
TAIR;05/05/2021;0,57;0,58;0,57;0,58;34192
TAIR;06/05/2021;0,59;0,59;0,58;0,59;5549
TAIR;07/05/2021;0,58;0,59;0,57;0,59;33678
TAIR;10/05/2021;0,59;0,59;0,58;0,58;3061
TAIR;11/05/2021;0,58;0,59;0,57;0,58;25226
TAIR;17/05/2021;0,58;0,58;0,57;0,57;4404
TAIR;18/05/2021;0,58;0,58;0,57;0,58;3945
TAIR;19/05/2021;0,57;0,58;0,57;0,58;21135
TAIR;20/05/2021;0,57;0,58;0,57;0,58;3779
TAIR;21/05/2021;0,58;0,6;0,58;0,6;105720
TAIR;24/05/2021;0,6;0,61;0,6;0,61;109969
TAIR;25/05/2021;0,61;0,61;0,6;0,6;25773
TAIR;26/05/2021;0,61;0,61;0,59;0,6;5600
TAIR;27/05/2021;0,6;0,6;0,58;0,58;42720
TAIR;28/05/2021;0,59;0,59;0,59;0,59;12472
TAIR;31/05/2021;0,6;0,6;0,59;0,6;13547
TAIR;01/06/2021;0,6;0,6;0,58;0,59;12918
TAIR;02/06/2021;0,59;0,6;0,58;0,6;46859
TAIR;03/06/2021;0,6;0,61;0,6;0,6;12232
TAIR;04/06/2021;0,59;0,6;0,59;0,6;6286
TAIR;07/06/2021;0,6;0,6;0,59;0,6;8332
TAIR;09/06/2021;0,59;0,6;0,59;0,6;2144
TAIR;10/06/2021;0,58;0,59;0,58;0,59;11293
TAIR;11/06/2021;0,59;0,59;0,58;0,59;10459
TAIR;14/06/2021;0,59;0,59;0,58;0,58;15785
TAIR;15/06/2021;0,58;0,58;0,57;0,57;28264
TAIR;16/06/2021;0,58;0,58;0,57;0,57;4176
TAIR;17/06/2021;0,57;0,57;0,56;0,57;4201
TAIR;18/06/2021;0,57;0,57;0,56;0,57;16507
